INSERT INTO `users` (`id`, `email`, `phone`, `name`, `last_name`, `password`, `remember_token`, `birthday`, `login_at`,
                     `city`, `lead`, `country`, `balance`, `created_at`, `updated_at`, `deleted_at`, `currency`)
VALUES (1, 'ali.akpanov@yandex.ru', '870778202000', 'Али', 'Акпанов',
        '$2y$10$rhmLIHmpg4ZPd3pb0T3VCOT7bmFlpruwu6Znbv4vdw2GFnx617kzm', NULL, '1993-12-12 00:00:00',
        '2022-11-27 17:36:16', NULL, 'https://infinitys.bitrix24.kz/crm/lead/details/562872',
        'Страна:  Казахстана Город:  Шымкент', 100, '2022-11-27 17:36:16', '2023-04-12 03:13:57', NULL, ''),
       (29, 'test@mail.ru', '01234567890', 'test', 'test',
        '$2y$10$zTRCPtzx/aer5xalYKdpR.rwUqRTO9qOmJr1P2Xic12my/sZmuUcO', NULL, NULL, NULL, NULL, NULL, NULL, NULL,
        '2022-12-07 12:10:29', '2022-12-07 12:10:29', NULL, ''),
       (30, 'test1@mail.ru', '01234567891', '1', '1', '$2y$10$tTuk0b1wXo39K9AvSBBVs.CMsy6o0BnJACmwAtDD7qx4BZSWlObe.',
        NULL, NULL, NULL, NULL, NULL, NULL, NULL, '2022-12-08 10:15:17', '2022-12-08 10:15:17', NULL, ''),
       (31, 'test2@mail.ru', '01234567892', '1', '1', '$2y$10$hvmyU.l9czkz5dV50rKFpeIkhwBvdeL.56enIR5HciXYwUSEV/Y9q',
        NULL, NULL, NULL, NULL, NULL, NULL, NULL, '2022-12-08 10:17:23', '2022-12-08 10:17:23', NULL, ''),
       (32, 'test3@mail.ru', '01234567893', '1', '1', '$2y$10$infR3waFp6jWVQvFd1KWBeAS0W7Fyb.7KIc2yfDNqzvUwct7RO/EK',
        NULL, NULL, NULL, NULL, NULL, NULL, NULL, '2022-12-08 10:28:49', '2022-12-08 10:28:49', NULL, 'rub'),
       (33, 'test4@mail.ru', '01234567894', '1', '1', '$2y$10$ZjvfUvbmsxP22CXCPrBql.lusmTEk7u8AIP2.ZlsAqnCDKspDib2y',
        NULL, NULL, NULL, NULL, NULL, NULL, NULL, '2022-12-08 10:37:14', '2022-12-08 10:37:14', NULL, 'usd'),
       (34, 'test5@mail.ru', '01234567895', '1', '1', '$2y$10$rgwc4uNBH3BwE9DUnEKGDOjnsOL81xyB5r8uQje1MdJN48GBFR01G',
        NULL, NULL, NULL, NULL, NULL, NULL, NULL, '2022-12-08 10:40:49', '2022-12-08 10:40:49', NULL, 'usd'),
       (35, 'test6@mail.ru', '01234567896', '1', '1', '$2y$10$ecVzS7oIpnZpSNnCWN9F5uJchCro/VsDPc9Dpa1MbMjQIXjjjzsze',
        NULL, NULL, NULL, NULL, NULL, NULL, NULL, '2022-12-08 11:04:04', '2022-12-08 11:04:04', NULL, 'usd'),
       (36, 'test8@mail.ru', '01234567898', '1', '1', '$2y$10$PZp8hcEpiKjJ2kAz1.mMnOdfbxtnq0GA3djVb/N4C.95TRcnGou4G',
        NULL, NULL, NULL, NULL, NULL, NULL, NULL, '2022-12-08 11:11:42', '2022-12-08 11:11:42', NULL, 'usd'),
       (37, 'user625548@bpartners.kz', '77751575668', 'Султан', 'Жанылхан',
        '$2y$10$PXu0z7JsFIaxB5Ek82CtIeFO/JW.e0hGm.DJicchv0cU6PO84u1iK', NULL, '2022-12-25 00:00:00', NULL, NULL, NULL,
        'казахстан', NULL, '2023-01-20 03:05:54', '2023-01-20 03:05:54', NULL, ''),
       (38, 'test@ya.ru', '01234567890', 'test', 'test', '$2y$10$rhmLIHmpg4ZPd3pb0T3VCOT7bmFlpruwu6Znbv4vdw2GFnx617kzm',
        NULL, NULL, '2023-02-07 11:58:34', NULL, NULL, 'казахстан', 100, '2023-02-07 11:58:34', '2023-02-07 11:58:34',
        NULL, 'usd'),
       (39, 'ariche.a@yandex.ru', '87077753155', 'Адиль', 'Каримов',
        '$2y$10$JTWGEwJkCRJoXtnrYzYmbO7YOQtrlrdCpxpV4c1RvWMkLYir/F3qy', NULL, NULL, NULL, '', NULL, '', NULL, NULL,
        NULL, NULL, 'KZT'),
       (40, 'tashmetov03@mail.ru', '', 'Руслан', '', '$2y$10$rhmLIHmpg4ZPd3pb0T3VCOT7bmFlpruwu6Znbv4vdw2GFnx617kzm',
        NULL, NULL, NULL, '', NULL, '', NULL, NULL, NULL, NULL, 'KZT'),
       (41, '', '', '', '', '$2y$10$YZS/ZM4yRUJ/BmGYaoE4b.HhbkNY1BLkUGW3pzk67XDflTQQxPHJe', NULL, NULL, NULL, NULL,
        NULL, '', NULL, NULL, NULL, NULL, 'KZT'),
       (42, 'ters@fsd.ftsde', '1231541515', 'нкывн', 'нкыва',
        '$2y$10$9OEUxVFfeNAlLf/3OiXDrunWv.Kh.NnZAnsdX/u.9YRMApekMq/4m', NULL, NULL, NULL, NULL, NULL, '', NULL, NULL,
        NULL, NULL, 'KZT');

INSERT INTO `tenants` (`id`, `created_at`, `updated_at`, `data`, `global_id`)
VALUES ('admin', '2022-12-07 12:10:29', '2022-12-07 12:10:29', '{\"tenancy_db_name\":\"tenantadmin\"}', 0),
       ('bp', '2022-05-27 11:49:57', '2022-05-27 11:49:57', '{\"tenancy_db_name\":\"tenantbp\"}', 1);

INSERT INTO `domains` (`id`, `domain`, `tenant_id`, `created_at`, `updated_at`)
VALUES (5, 'bp', 'bp', '2022-05-27 11:52:13', '2022-05-27 11:52:13'),
       (21, 'admin', 'admin', '2022-12-07 12:10:57', '2022-12-07 12:10:57');

INSERT INTO `portals` (`id`, `tenant_id`, `owner_id`, `currency`, `created_at`, `updated_at`, `main_page_video`,
                       `main_page_video_show_days_amount`, `kpi_backlight`)
VALUES (1, 'bp', 1, 'kzt', '2019-03-24 06:49:00', '2023-04-04 05:49:43', NULL, 0, NULL),
       (2, '62mbs8', 29, 'kzt', '2023-03-24 06:49:00', '2023-03-24 06:49:00', NULL, 0, NULL),
       (3, 'arq5xa', 30, 'kzt', '2023-03-24 06:49:00', '2023-03-24 06:49:00', NULL, 0, NULL),
       (4, '4uyld3', 31, 'kzt', '2023-03-24 06:49:00', '2023-03-24 06:49:00', NULL, 0, NULL),
       (5, '3hj21t', 32, 'kzt', '2023-03-24 06:49:00', '2023-03-24 06:49:00', NULL, 0, NULL),
       (6, 'w85iax', 33, 'kzt', '2023-03-24 06:49:00', '2023-03-24 06:49:00', NULL, 0, NULL),
       (7, 'mw2xr2', 34, 'kzt', '2023-03-24 06:49:00', '2023-03-24 06:49:00', NULL, 0, NULL),
       (8, 'h6r8zr', 35, 'kzt', '2023-03-24 06:49:00', '2023-03-24 06:49:00', NULL, 0, NULL),
       (9, 'tcep78', 36, 'kzt', '2023-03-24 06:49:00', '2023-03-24 06:49:00', NULL, 0, NULL),
       (10, 'ruybd7', 1, 'kzt', '2023-03-24 06:49:00', '2023-03-24 06:49:00', NULL, 0, NULL);

INSERT INTO `manager_has_owner` (`id`, `manager_id`, `owner_id`, `created_at`, `updated_at`)
VALUES (6, 8, 38, '2023-03-07 08:42:23', '2023-03-07 08:42:23'),
       (7, 8, 1, '2023-03-07 08:42:37', '2023-03-07 08:42:37');

INSERT INTO `tenant_pivot` (`id`, `tenant_id`, `user_id`, `owner`)
VALUES (1, 'bp', 37, 0),
       (2, 'admin', 39, 0),
       (3, 'admin', 40, 0),
       (4, 'admin', 41, 0),
       (5, 'admin', 42, 0),
       (6, 'bp', 1, 0),
       (7, 'bp', 38, 0),
       (8, 'bp', 39, 0),
       (9, 'bp', 40, 0);

INSERT INTO `tenant_user` (`id`, `tenant_id`, `user_id`)
VALUES (3, 'bp', 1),
       (14, '62mbs8', 29),
       (15, 'arq5xa', 30),
       (16, '4uyld3', 31),
       (17, '3hj21t', 32),
       (18, 'w85iax', 33),
       (19, 'mw2xr2', 34),
       (20, 'h6r8zr', 35),
       (21, 'tcep78', 36),
       (22, 'ruybd7', 1);

INSERT INTO `tenant_user_impersonation_tokens` (`token`, `tenant_id`, `user_id`, `auth_guard`, `redirect_url`,
                                                `created_at`)
VALUES ('861GTKnjY6VBZe70GrrFcRegeTzBxa0DIno8BHTJKXaRBX0ZBD7jPTBwTQewfQMkLev5kyvcQc5vR3MyyGRKOWyk0qRspvrpa6rZLvibOP71n7zRaAUtUyFlcFgI3HCK',
        'bp', '1', '', '/', '2022-11-27 19:16:11')


